{
	"class_name" : "PinholeCameraParameters",
	"extrinsic" : 
	[
		0.68936416439165571,
		0.51230982286804849,
		-0.51216764271623338,
		0.0,
		0.16103031264721523,
		-0.79769095514619781,
		-0.58116983618103135,
		0.0,
		-0.70629051194344572,
		0.31816314285418984,
		-0.6323969696858216,
		0.0,
		-105.80866603102439,
		64.847482742213629,
		540.03892952178512,
		1.0
	],
	"intrinsic" : 
	{
		"height" : 768,
		"intrinsic_matrix" : 
		[
			665.1075101064489,
			0.0,
			0.0,
			0.0,
			665.1075101064489,
			0.0,
			511.5,
			383.5,
			1.0
		],
		"width" : 1024
	},
	"version_major" : 1,
	"version_minor" : 0
}