{
	"class_name" : "PinholeCameraParameters",
	"extrinsic" : 
	[
		0.50370930088048604,
		0.86381562679283508,
		0.0099751248109258388,
		0.0,
		0.78513799424417163,
		-0.45295334031516604,
		-0.42236429949934529,
		0.0,
		-0.36032661600377414,
		0.22058067550407695,
		-0.90637127899853165,
		0.0,
		-75.057886857513864,
		37.961393841537827,
		479.77954314486186,
		1.0
	],
	"intrinsic" : 
	{
		"height" : 768,
		"intrinsic_matrix" : 
		[
			665.1075101064489,
			0.0,
			0.0,
			0.0,
			665.1075101064489,
			0.0,
			511.5,
			383.5,
			1.0
		],
		"width" : 1024
	},
	"version_major" : 1,
	"version_minor" : 0
}