{
	"class_name" : "PinholeCameraParameters",
	"extrinsic" : 
	[
		0.26623020965664501,
		-0.44927461217184944,
		0.85280349338168948,
		0.0,
		-0.19945572606428627,
		-0.89126271925959988,
		-0.40726917216768599,
		0.0,
		0.94304765988063788,
		-0.06166918286971336,
		-0.32689145458062169,
		0.0,
		166.46367004262638,
		22.206014954707832,
		588.70996286749948,
		1.0
	],
	"intrinsic" : 
	{
		"height" : 1080,
		"intrinsic_matrix" : 
		[
			935.30743608719376,
			0.0,
			0.0,
			0.0,
			935.30743608719376,
			0.0,
			959.5,
			539.5,
			1.0
		],
		"width" : 1920
	},
	"version_major" : 1,
	"version_minor" : 0
}