{
	"class_name" : "PinholeCameraParameters",
	"extrinsic" : 
	[
		0.24851782693984656,
		-0.27257340258119866,
		0.92948514237636115,
		0.0,
		-0.34633608531186877,
		-0.92115901679281686,
		-0.17753135439167114,
		0.0,
		0.90459394520632663,
		-0.27779453915906799,
		-0.32332644232950475,
		0.0,
		135.618131887022,
		-12.79090134460175,
		567.55675194589867,
		1.0
	],
	"intrinsic" : 
	{
		"height" : 1080,
		"intrinsic_matrix" : 
		[
			935.30743608719376,
			0.0,
			0.0,
			0.0,
			935.30743608719376,
			0.0,
			959.5,
			539.5,
			1.0
		],
		"width" : 1920
	},
	"version_major" : 1,
	"version_minor" : 0
}