{
	"class_name" : "PinholeCameraParameters",
	"extrinsic" : 
	[
		-0.94698079474589181,
		0.21794320708755316,
		-0.23606806829139604,
		0.0,
		0.007833701390790454,
		0.75019426610021978,
		0.66117107939842068,
		0.0,
		0.32119465671919145,
		0.62426702747681995,
		-0.71212686432987216,
		0.0,
		114.94876008634952,
		3.578053115601648,
		591.46605689757939,
		1.0
	],
	"intrinsic" : 
	{
		"height" : 1080,
		"intrinsic_matrix" : 
		[
			935.30743608719376,
			0.0,
			0.0,
			0.0,
			935.30743608719376,
			0.0,
			959.5,
			539.5,
			1.0
		],
		"width" : 1920
	},
	"version_major" : 1,
	"version_minor" : 0
}