{
	"class_name" : "PinholeCameraParameters",
	"extrinsic" : 
	[
		0.77634531273308471,
		-0.061848659120014637,
		-0.62726605102015942,
		0.0,
		0.56278784728771514,
		0.51614413278116678,
		0.6456508910710469,
		0.0,
		0.28382705005448045,
		-0.85426575347524836,
		0.43551375190312636,
		0.0,
		-1.4191352448733596e-07,
		4.2713287662365929e-07,
		4.2954879327569433,
		1.0
	],
	"intrinsic" : 
	{
		"height" : 1080,
		"intrinsic_matrix" : 
		[
			935.30743608719376,
			0.0,
			0.0,
			0.0,
			935.30743608719376,
			0.0,
			959.5,
			539.5,
			1.0
		],
		"width" : 1920
	},
	"version_major" : 1,
	"version_minor" : 0
}