{
	"class_name" : "PinholeCameraParameters",
	"extrinsic" : 
	[
		-0.9268682389120978,
		0.24857256624651217,
		0.28129512439004312,
		0.0,
		-0.37436234738821439,
		-0.66739989166224678,
		-0.64376254742506356,
		0.0,
		0.027714627076192964,
		-0.70198936168495074,
		0.7116479716314682,
		0.0,
		8.7676980106360993,
		-112.54750831958165,
		721.10275530594038,
		1.0
	],
	"intrinsic" : 
	{
		"height" : 1080,
		"intrinsic_matrix" : 
		[
			935.30743608719376,
			0.0,
			0.0,
			0.0,
			935.30743608719376,
			0.0,
			959.5,
			539.5,
			1.0
		],
		"width" : 1920
	},
	"version_major" : 1,
	"version_minor" : 0
}