{
	"class_name" : "PinholeCameraParameters",
	"extrinsic" : 
	[
		-0.8376847309271519,
		0.37577091434104504,
		0.39633383845793468,
		0.0,
		-0.54601067734527986,
		-0.55957249487326977,
		-0.62349896808756089,
		0.0,
		-0.012515262540354816,
		-0.7386980729070568,
		0.67392026626815926,
		0.0,
		-42.801120466243418,
		-98.684215762660813,
		721.49760057357469,
		1.0
	],
	"intrinsic" : 
	{
		"height" : 1080,
		"intrinsic_matrix" : 
		[
			935.30743608719376,
			0.0,
			0.0,
			0.0,
			935.30743608719376,
			0.0,
			959.5,
			539.5,
			1.0
		],
		"width" : 1920
	},
	"version_major" : 1,
	"version_minor" : 0
}