{
	"class_name" : "PinholeCameraParameters",
	"extrinsic" : 
	[
		0.68349736750438062,
		-0.52908726049296639,
		0.50288966921048361,
		0.0,
		-0.12257428606137763,
		-0.76234230939484293,
		-0.63546026445646564,
		0.0,
		0.71958800227013597,
		0.37269407573851437,
		-0.58591145482768081,
		0.0,
		102.07601083269205,
		74.974949975097971,
		544.69327405829029,
		1.0
	],
	"intrinsic" : 
	{
		"height" : 1080,
		"intrinsic_matrix" : 
		[
			935.30743608719376,
			0.0,
			0.0,
			0.0,
			935.30743608719376,
			0.0,
			959.5,
			539.5,
			1.0
		],
		"width" : 1920
	},
	"version_major" : 1,
	"version_minor" : 0
}