{
	"class_name" : "PinholeCameraParameters",
	"extrinsic" : 
	[
		-0.96770122255210256,
		0.22601405289683851,
		0.11167807199406436,
		0.0,
		0.230482650910763,
		0.61369949024497805,
		0.75514944435005815,
		0.0,
		0.102137610606053,
		0.75649889858888719,
		-0.64597006504441601,
		0.0,
		27.401581624946445,
		115.01358823008715,
		543.01082914012204,
		1.0
	],
	"intrinsic" : 
	{
		"height" : 1080,
		"intrinsic_matrix" : 
		[
			935.30743608719376,
			0.0,
			0.0,
			0.0,
			935.30743608719376,
			0.0,
			959.5,
			539.5,
			1.0
		],
		"width" : 1920
	},
	"version_major" : 1,
	"version_minor" : 0
}